ID,Name,Role,Company,Location,Sector,EU AI Act Trigger,LinkedIn Profile URL,LinkedIn Search URL,Personalised Message
1,Arthur Mensch,Co-Founder & CEO,Mistral AI,"Paris, France",GPAI / Foundation Models,Chapter V GPAI Obligations & Systemic Risk,https://www.linkedin.com/in/arthur-mensch/,https://www.linkedin.com/search/results/people/?keywords=Arthur+Mensch+Mistral+AI,"Hi Arthur, huge fan of Mistral’s sovereign LLMs. As the EU AI Act’s Chapter V GPAI transparency rules roll out, enterprise buyers are asking for documented compliance before procurement. We built a zero-retention EU AI Act compliance checker that maps obligations without retaining model architecture or IP. Would love to share a 2-minute overview if useful!"
2,Mati Staniszewski,Co-Founder & CEO,ElevenLabs,"London, UK / Warsaw",Voice Synthesis / Generative Audio,Art. 50 Synthetic Audio & Watermarking Rules,https://www.linkedin.com/in/matistaniszewski/,https://www.linkedin.com/search/results/people/?keywords=Mati+Staniszewski+ElevenLabs,"Hi Mati, phenomenal work scaling ElevenLabs. With the EU AI Act Art. 50 transparency requirements on synthetic audio and deepfakes taking effect, enterprise clients in the EU are auditing voice providers. We built an automated EU AI Act compliance tool with a zero-retention architecture—evaluating obligations without touching audio data. Open to a quick look?"
3,Victor Riparbelli,Co-Founder & CEO,Synthesia,"London, UK",Generative Video & Avatars,Art. 50 Deepfake & Synthetic Content Transparency,https://www.linkedin.com/in/victorriparbelli/,https://www.linkedin.com/search/results/people/?keywords=Victor+Riparbelli+Synthesia,"Hi Victor, Synthesia’s enterprise video avatars are world-class. With EU AI Act synthetic media transparency mandates kicking in, enterprise procurement teams are demanding verified compliance audits. We automated EU AI Act tier classification and obligation roadmaps with a zero-retention privacy architecture. Happy to send across a quick sample report!"
4,Jonas Andrulis,Founder & CEO,Aleph Alpha,"Heidelberg, Germany",Sovereign Enterprise LLMs,Chapter V GPAI & Enterprise Governance,https://www.linkedin.com/in/jonas-andrulis-b27b952a/,https://www.linkedin.com/search/results/people/?keywords=Jonas+Andrulis+Aleph+Alpha,"Hi Jonas, Aleph Alpha’s commitment to European AI sovereignty and explainability is vital. As enterprise customers require formal EU AI Act conformity proofs before rolling out models, we built a zero-retention compliance verification tool to instantly map deployments against EU AI Act requirements. Would be great to exchange notes!"
5,Jarek Kutylowski,Founder & CEO,DeepL,"Cologne, Germany",Enterprise Translation & Language AI,Enterprise Data Transparency & Governance,https://www.linkedin.com/in/jaroslaw-kutylowski/,https://www.linkedin.com/search/results/people/?keywords=Jaroslaw+Kutylowski+DeepL,"Hi Jarek, DeepL set the benchmark for enterprise privacy and translation precision. As enterprise customers audit vendor compliance under the EU AI Act, we built a streamlined compliance checker with a zero-retention privacy guarantee that mirrors DeepL’s strict standards. Open to seeing a 2-min breakdown?"
6,Anton Osika,Founder & CEO,Lovable,"Stockholm, Sweden",AI App Generation & Developer Tools,Transparency in AI Code & Autonomous Generation,https://www.linkedin.com/in/anton-osika-49b80b27/,https://www.linkedin.com/search/results/people/?keywords=Anton+Osika+Lovable,"Hi Anton, love what you and the Lovable team are doing to democratize software building! As Lovable-generated apps proliferate across the EU, user inquiries around EU AI Act compliance are bound to spike. We built a zero-retention compliance checker that diagnoses AI risk tiers and obligations in 60 seconds. Happy to share a quick preview!"
7,Matthieu Rouif,Co-Founder & CEO,Photoroom,"Paris, France",Generative Image & Computer Vision,Art. 50 AI-Generated Media Labeling,https://www.linkedin.com/in/matthieurouif/,https://www.linkedin.com/search/results/people/?keywords=Matthieu+Rouif+Photoroom,"Hi Matthieu, Photoroom’s AI visual commerce platform is incredible. Under the EU AI Act, commercial image generation tools face new labeling and transparency guidelines. We built an automated compliance platform that operates with a strict zero-retention guarantee—verifying compliance without storing your proprietary image data. Let’s connect!"
8,Gabriel Hubert,Co-Founder & CEO,Dust,"Paris, France",Enterprise AI Assistants & Workspaces,Enterprise Data RAG & Workplace AI Transparency,https://www.linkedin.com/in/gabrielhubert/,https://www.linkedin.com/search/results/people/?keywords=Gabriel+Hubert+Dust+AI,"Hi Gabriel, Dust’s team AI assistants are leading modern enterprise workflows. Because Dust connects directly to enterprise knowledge bases, clients in regulated EU sectors constantly question AI Act risk tiers. Our tool automates EU AI Act compliance reporting with a zero-retention guarantee so internal company data remains private. Would love to connect!"
9,Malte Kosub,Co-Founder & CEO,Parloa,"Berlin, Germany",Conversational Enterprise AI Agents,Customer Service AI Interaction Transparency,https://www.linkedin.com/in/malte-kosub/,https://www.linkedin.com/search/results/people/?keywords=Malte+Kosub+Parloa,"Hi Malte, Parloa’s enterprise contact center AI is remarkable. Enterprise clients are increasingly requiring documented EU AI Act compliance before signing multi-year contracts. We built a compliance diagnostic that identifies risk tiers and generates actionable audit reports in minutes without storing conversation logs. Open to a brief chat?"
10,Robin Rombach,Co-Founder & CEO,Black Forest Labs,"Freiburg, Germany",Generative Media & Diffusion Models (FLUX),GPAI Model Obligations & Copyright Transparency,https://www.linkedin.com/in/robin-rombach/,https://www.linkedin.com/search/results/people/?keywords=Robin+Rombach+Black+Forest+Labs,"Hi Robin, the FLUX models are phenomenal. With the EU AI Act imposing technical documentation and copyright transparency requirements on foundation model providers, staying compliant without slowing iteration is key. We built a zero-retention compliance tool that maps your obligations in minutes. Let me know if you’d like a 2-min breakdown!"
11,Hanno Renner,Co-Founder & CEO,Personio,"Munich, Germany",HR Tech & People Workflow Automation,Annex III Sec 4(a) Recruitment & CV Screening (High Risk),https://www.linkedin.com/in/hannorenner/,https://www.linkedin.com/search/results/people/?keywords=Hanno+Renner+Personio,"Hi Hanno, Personio has built the premier HR operating system in Europe. As Personio rolls out AI candidate screening and talent workflows, these systems fall squarely under Annex III High-Risk classification under the EU AI Act. We built a zero-retention compliance checker that automates audit readiness without exposing employee data. Would love to share details!"
12,Wouter Durville,Co-Founder & CEO,TestGorilla,"Amsterdam, Netherlands",Skills Assessment & Candidate Evaluation,Annex III Sec 4(a) Candidate Assessment & Filtering (High Risk),https://www.linkedin.com/in/wouterdurville/,https://www.linkedin.com/search/results/people/?keywords=Wouter+Durville+TestGorilla,"Hi Wouter, TestGorilla’s skills assessments have transformed hiring. Under EU AI Act Annex III (Employment), automated assessment and candidate ranking algorithms are explicitly classified as High-Risk AI, requiring continuous bias testing and technical files. We built an automated scanner to fast-track your compliance documentation. Open to a quick chat?"
13,Sultan Saidov,Co-Founder & President,Beamery,"London, UK",Talent Lifecycle Management & Workforce AI,Annex III Sec 4(a/b) Promotion & Candidate Ranking (High Risk),https://www.linkedin.com/in/sultansaidov/,https://www.linkedin.com/search/results/people/?keywords=Sultan+Saidov+Beamery,"Hi Sultan, Beamery’s talent intelligence platform is setting standards globally. Under the EU AI Act, AI used for hiring, task allocation, and worker evaluation is classified as High-Risk, demanding audit logs and risk management files. We created a zero-retention diagnostic tool to instantly assess your obligations without storing proprietary talent data. Let’s connect!"
14,Christoph Hohenberger,Co-Founder & Managing Director,Retorio,"Munich, Germany",Video AI Interviewing & Behavioral Coaching,Annex III Sec 4 & Emotion Recognition in Workplace (Prohibited/High Risk),https://www.linkedin.com/in/christoph-hohenberger/,https://www.linkedin.com/search/results/people/?keywords=Christoph+Hohenberger+Retorio,"Hi Christoph, Retorio’s AI coaching is a huge leap forward for sales and talent training. Because the EU AI Act places strict bans on emotion recognition in workplace contexts and classifies hiring AI as High-Risk, having formal compliance audits is critical for enterprise buyers. We built a zero-retention compliance verification tool to clear these hurdles fast. Let's chat!"
15,Benjamin Blasco,Co-Founder & CEO,Maki People,"Paris, France",Automated Candidate Skills Assessment,Annex III Sec 4(a) Recruitment Candidate Scoring (High Risk),https://www.linkedin.com/in/benjaminblasco/,https://www.linkedin.com/search/results/people/?keywords=Benjamin+Blasco+Maki+People,"Hi Benjamin, Maki’s candidate assessment tests make hiring effortless. Under the EU AI Act, pre-employment scoring and candidate filtering tools are designated High Risk under Annex III. Enterprise HR buyers in Europe are already asking for compliance roadmaps. We built a 2-minute zero-retention checker that generates audit-ready action plans. Would love to connect!"
16,Cesar Driessen,Co-Founder & Head of Tech,Harver,"Amsterdam, Netherlands",Volume Hiring & Candidate Screening,Annex III Sec 4(a) Automated Job Application Decisioning (High Risk),https://www.linkedin.com/in/cesardriessen/,https://www.linkedin.com/search/results/people/?keywords=Cesar+Driessen+Harver,"Hi Cesar, Harver’s volume hiring platform is a staple for global employers. With Annex III of the EU AI Act classifying candidate assessment AI as High Risk, automated logging and human oversight protocols are now legally binding. Our zero-retention compliance platform verifies your setup in minutes. Open to seeing a quick demo?"
17,Ruben Wieman,Co-Founder & CEO,Oneteam,"Rotterdam, Netherlands",Frontline Employee Experience & AI Onboarding,Annex III Sec 4(b) Workplace Performance Monitoring,https://www.linkedin.com/in/ruben-wieman-26510360/,https://www.linkedin.com/search/results/people/?keywords=Ruben+Wieman+Oneteam,"Hi Ruben, Oneteam’s platform for frontline workers is doing fantastic work. As you introduce AI-driven training and workflow assistance, navigating the EU AI Act’s workplace rules is key to avoiding Annex III worker-monitoring pitfalls. We built an automated zero-retention compliance tool that maps your obligations in 60 seconds. Happy to share a report!"
18,Kristjan Kristjansson,Co-Founder & CEO,50skills,"Reykjavik, Iceland",Hiring & Employee Journey Automation,Annex III Sec 4(a) HR Automation & Candidate Workflows,https://www.linkedin.com/in/kristjankristjansson/,https://www.linkedin.com/search/results/people/?keywords=Kristjan+Kristjansson+50skills,"Hi Kristjan, 50skills’ onboarding and recruitment automation is top notch. European enterprises using AI in recruitment now demand explicit EU AI Act High-Risk compliance confirmation before procurement. We built a compliance scanner with zero data retention that produces clear, actionable compliance breakdowns in minutes. Let’s connect!"
19,Mo Moubarak,Co-Founder & CEO,MoBerries,"Berlin, Germany",AI Talent Sourcing & Candidate Matching,Annex III Sec 4(a) Algorithmic Candidate Matching,https://www.linkedin.com/in/momoubarak/,https://www.linkedin.com/search/results/people/?keywords=Mo+Moubarak+MoBerries,"Hi Mo, MoBerries’ AI candidate matching engine is one of the best in Berlin. Under the EU AI Act, algorithmic talent matching and candidate filtering fall under Annex III High-Risk regulations, requiring documented bias mitigation and technical files. We built an automated compliance verification tool that requires zero data storage. Open to a brief chat?"
20,Göran Backlund,Chief Technology Officer,Academic Work,"Stockholm, Sweden",Staffing & AI Candidate Placement,Annex III Sec 4(a) Job Application Filtering & Ranking,https://www.linkedin.com/in/goranbacklund/,https://www.linkedin.com/search/results/people/?keywords=Goran+Backlund+Academic+Work,"Hi Göran, Academic Work’s leadership in staffing young professionals is impressive. Because recruitment AI algorithms fall under the EU AI Act’s High-Risk category, ensuring that algorithms meet conformity assessment standards is critical. We built a zero-retention compliance tool that maps your obligations in 2 minutes. Would love to connect!"
21,Alex Dalyac,Co-Founder & CEO,Tractable,"London, UK",Computer Vision for Insurance & Claims,Annex III Sec 5(b) Insurance Risk Assessment & Pricing (High Risk),https://www.linkedin.com/in/alex-dalyac-7a268832/,https://www.linkedin.com/search/results/people/?keywords=Alex+Dalyac+Tractable,"Hi Alex, Tractable’s computer vision for accident and disaster recovery has redefined claims. Under Annex III Sec. 5(b), AI used for risk assessment and pricing in insurance can trigger High-Risk requirements. We built an automated EU AI Act scanner with zero-retention architecture to map out obligations and technical documentation needs in minutes. Would love to connect!"
22,Jeremy Jawish,Co-Founder & CEO,Shift Technology,"Paris, France",Insurance Fraud Detection & Underwriting,Annex III Sec 5(b) Insurance Decisioning & Fraud AI (High Risk),https://www.linkedin.com/in/jeremyjawish/,https://www.linkedin.com/search/results/people/?keywords=Jeremy+Jawish+Shift+Technology,"Hi Jeremy, Shift’s AI fraud detection is indispensable for insurers across the EU. Because insurance risk assessment models fall under Annex III High-Risk scrutiny, insurer procurement teams are requesting explicit AI Act roadmaps. We built a zero-retention EU AI Act compliance diagnostic to automate classification and obligation tracking. Can I send a quick preview?"
23,Tanguy Touffut,Co-Founder & CEO,Descartes Underwriting,"Paris, France",Climate Insurtech & Parametric Modeling,Annex III Sec 5(b) Parametric Risk Modeling & Pricing,https://www.linkedin.com/in/tanguy-touffut-71a2517/,https://www.linkedin.com/search/results/people/?keywords=Tanguy+Touffut+Descartes+Underwriting,"Hi Tanguy, Descartes’ parametric underwriting using satellite and AI models is pioneering. As insurers adapt to the EU AI Act, risk assessment algorithms used in insurance pricing face Annex III High-Risk compliance requirements. We built an automated compliance verification tool with zero data retention that pinpoints obligations in minutes. Let’s connect!"
24,Rasto Brencic,Founder & CEO,Kreditz,"Stockholm, Sweden",Open Banking & Automated Credit Scoring,Annex III Sec 5(a) Creditworthiness & Credit Scoring (High Risk),https://www.linkedin.com/in/rastobrencic/,https://www.linkedin.com/search/results/people/?keywords=Rasto+Brencic+Kreditz,"Hi Rasto, Kreditz’s automated credit scoring from open banking data is fantastic. Under EU AI Act Annex III Sec. 5(a), AI systems evaluating creditworthiness are strictly classified as High-Risk, requiring mandatory risk management and logging. We built a zero-retention compliance tool that verifies your regulatory readiness in 2 minutes. Open to a quick chat?"
25,Jordane Giuly,Co-Founder & CEO,Defacto,"Paris, France",B2B Credit Infrastructure & Real-Time Lending,Annex III Sec 5(a) Automated Credit Decisioning (High Risk),https://www.linkedin.com/in/jordanegiuly/,https://www.linkedin.com/search/results/people/?keywords=Jordane+Giuly+Defacto,"Hi Jordane, Defacto’s instant B2B lending API is changing corporate credit. Under the EU AI Act Annex III, automated credit evaluation AI is classified as High Risk, meaning banking partners will require certified technical documentation. We created a zero-retention compliance tool that provides instant classification and compliance roadmaps. Let’s chat!"
26,Christian Grobe,Co-Founder & Managing Director,Billie,"Berlin, Germany",B2B Buy Now Pay Later & Credit Scoring,Annex III Sec 5(a) Credit Scoring & Risk Underwriting (High Risk),https://www.linkedin.com/in/christiangrobe/,https://www.linkedin.com/search/results/people/?keywords=Christian+Grobe+Billie,"Hi Christian, Billie’s B2B BNPL platform is expanding across Europe at an amazing pace. Under Annex III Sec. 5(a) of the EU AI Act, automated credit scoring and risk assessment algorithms require rigorous conformity assessments and bias controls. We built a zero-retention compliance checker that outlines your obligations in 2 minutes. Would love to connect!"
27,Louis Chatriot,Co-Founder & CEO,Alma,"Paris, France",Consumer BNPL & Merchant Credit AI,Annex III Sec 5(a) Credit Scoring for Financial Services,https://www.linkedin.com/in/louis-chatriot-b0a33413/,https://www.linkedin.com/search/results/people/?keywords=Louis+Chatriot+Alma,"Hi Louis, Alma’s seamless installment payments are a gold standard for European retail. Automated consumer credit assessment falls directly under Annex III High-Risk classification in the EU AI Act, requiring formal risk management files. We built an automated, zero-retention compliance platform to fast-track your team's compliance roadmap. Open to a brief look?"
28,Martin Kassing,Founder & CEO,Upvest,"Berlin, Germany",Investment API & WealthTech Infrastructure,Essential Financial Services & Algorithmic Risk,https://www.linkedin.com/in/martinkassing/,https://www.linkedin.com/search/results/people/?keywords=Martin+Kassing+Upvest,"Hi Martin, Upvest’s investment infrastructure API is powering the next generation of fintechs. As fintech partners look to integrate algorithmic portfolio and risk tools, EU AI Act compliance is quickly becoming a sales blocker. Our zero-retention tool provides instant compliance tiering without storing proprietary financial algorithms. Would love to connect!"
29,Alexandre Prot,Co-Founder & CEO,Qonto,"Paris, France",Business Banking & Financial Automation,Annex III Financial Risk & Automated Fraud Scoring,https://www.linkedin.com/in/alexandre-prot-6b45a013/,https://www.linkedin.com/search/results/people/?keywords=Alexandre+Prot+Qonto,"Hi Alexandre, Qonto has built the premier business banking solution across Europe. As Qonto expands automated financial management and transaction risk screening, EU AI Act compliance for automated financial services becomes crucial. We developed a zero-retention compliance tool that maps your obligations in minutes. Happy to share a quick preview!"
30,Julian Teicke,Founder,wefox,"Berlin, Germany",Digital Insurance & Underwriting AI,Annex III Sec 5(b) Health & Life Insurance Risk Assessment,https://www.linkedin.com/in/julianteicke/,https://www.linkedin.com/search/results/people/?keywords=Julian+Teicke+wefox,"Hi Julian, wefox’s disruption of the insurance distribution model has been remarkable. Under Annex III Sec. 5(b) of the EU AI Act, AI systems used for insurance risk assessment and pricing are categorized as High Risk. We built a zero-retention compliance platform that streamlines compliance audits and action plans in minutes. Would love to share how it works!"
31,Thomas Clozel,Co-Founder & CEO,Owkin,"Paris, France",Biomedical AI & Federated Clinical Trials,Annex III / Medical Device Regulation (MDR) High-Risk AI,https://www.linkedin.com/in/thomas-clozel-md-b36b4852/,https://www.linkedin.com/search/results/people/?keywords=Thomas+Clozel+Owkin,"Hi Thomas, Owkin’s federated learning models are setting the gold standard for clinical AI research. Medical and predictive healthcare AI systems face tight dual-scrutiny under MDR and EU AI Act Annex III. We built an automated compliance engine specifically with a zero-retention architecture so sensitive clinical architectures are never stored. Would love to connect!"
32,Stanislas Niox-Chateau,Co-Founder & CEO,Doctolib,"Paris, France",Digital Health & Clinical Assistant AI,Annex III Patient Triage & Medical Consultation AI,https://www.linkedin.com/in/stanislas-niox-chateau-995b0b23/,https://www.linkedin.com/search/results/people/?keywords=Stanislas+Niox-Chateau+Doctolib,"Hi Stanislas, Doctolib has transformed healthcare across Europe. As Doctolib integrates AI medical transcription and practitioner assistants, navigating the EU AI Act’s high-risk health system requirements is vital. We built a zero-retention compliance checker that maps obligations without seeing patient consultations. Let’s connect if this is a priority!"
33,Andreas Cleve,Co-Founder & CEO,Corti,"Copenhagen, Denmark",Emergency Call Triage & Clinical Decision AI,Annex III Sec 5(c) Emergency Services Dispatch & Patient Triage (High Risk),https://www.linkedin.com/in/andreascleve/,https://www.linkedin.com/search/results/people/?keywords=Andreas+Cleve+Corti,"Hi Andreas, Corti’s AI for real-time emergency triage is literally saving lives. Under Annex III Sec. 5(c), AI systems evaluating emergency calls and prioritizing dispatch are designated High Risk, requiring mandatory logging and risk management. We built a zero-retention compliance tool that outlines your exact requirements in 2 minutes. Open to a quick call?"
34,Michalis Papadakis,Co-Founder & CEO,Brainomix,"Oxford, UK",AI Brain & Lung Medical Imaging (e-Stroke),Medical Device Software (MDR Class IIa/b) & Annex III High Risk,https://www.linkedin.com/in/michalis-papadakis-a9010411/,https://www.linkedin.com/search/results/people/?keywords=Michalis+Papadakis+Brainomix,"Hi Michalis, Brainomix’s e-Stroke software is making a tremendous clinical impact. Combining MDR compliance with the new EU AI Act High-Risk requirements creates duplicate regulatory burdens. We built an automated zero-retention tool that clarifies your EU AI Act obligations and documentation gaps in minutes. Would love to connect!"
35,Peter Kecskemethy,Co-Founder & CEO,Kheiron Medical Technologies,"London, UK",Breast Cancer Screening & Radiology AI (Mia),MDR Harmonized Standards & Annex III High Risk Diagnostic AI,https://www.linkedin.com/in/peterkecskemethy/,https://www.linkedin.com/search/results/people/?keywords=Peter+Kecskemethy+Kheiron+Medical,"Hi Peter, Kheiron’s Mia is setting the global standard for deep learning in mammography. With the EU AI Act classifying diagnostic radiology AI as High Risk alongside MDR, proving compliance without slowing product cycles is vital. Our platform evaluates compliance with a zero-retention privacy guarantee—patient scans are never stored. Let’s connect!"
36,Mark-Jan Harte,Co-Founder & CEO,Aidence,"Amsterdam, Netherlands",Pulmonary Radiology & Oncology AI (Visiolung),MDR Diagnostic AI & Annex III High-Risk Classification,https://www.linkedin.com/in/markjanharte/,https://www.linkedin.com/search/results/people/?keywords=Mark-Jan+Harte+Aidence,"Hi Mark-Jan, Aidence’s lung cancer screening AI is a tremendous asset to radiology departments. Under the EU AI Act, diagnostic medical imaging models face rigorous post-market monitoring and conformity assessment rules. We created an automated compliance verification tool with a zero-retention architecture. Would love to send across a quick sample report!"
37,Sebastian Rieschel,Co-Founder & Managing Director,Vara,"Berlin, Germany",AI Breast Cancer Screening Platform,Annex III Diagnostic AI & Clinical Evidence Compliance,https://www.linkedin.com/in/sebastianrieschel/,https://www.linkedin.com/search/results/people/?keywords=Sebastian+Rieschel+Vara+Health,"Hi Sebastian, Vara’s work in expanding access to early cancer detection is truly inspiring. As health systems across Europe adopt Vara, meeting both CE-MDR and EU AI Act High-Risk criteria is essential. Our platform provides automated compliance diagnostics with a strict zero-retention guarantee so medical IP remains private. Open to a 10-min introduction?"
38,Wim Van Hecke,Co-Founder & CEO,Icometrix,"Leuven, Belgium",Brain MRI Quantitative Imaging AI (icobrain),MDR Software as Medical Device & Annex III High Risk,https://www.linkedin.com/in/wim-van-hecke-88b0213/,https://www.linkedin.com/search/results/people/?keywords=Wim+Van+Hecke+Icometrix,"Hi Wim, icobrain’s brain MRI quantification has brought incredible rigor to neurology. Navigating the intersection of MDR and the EU AI Act High-Risk mandates requires structured documentation without administrative drag. We built a zero-retention compliance scanner to map your requirements in minutes. Would love to connect!"
39,Erik de Heus,CEO,SkinVision,"Amsterdam, Netherlands",Dermatology AI & Mobile Skin Cancer Detection,Annex III Direct-to-Consumer Diagnostic Medical AI,https://www.linkedin.com/in/erik-de-heus-87361a/,https://www.linkedin.com/search/results/people/?keywords=Erik+de+Heus+SkinVision,"Hi Erik, SkinVision’s mobile skin cancer risk assessment empowers millions. Because direct-to-consumer health assessment algorithms face intense scrutiny under the EU AI Act’s High-Risk tier, proving transparency and clinical safety is key. We built a compliance diagnostic tool that operates with zero data retention. Open to a brief chat?"
40,Priit Salumaa,Co-Founder & CEO,Better Medicine,"Tartu, Estonia",AI Oncology Imaging & Kidney Cancer Detection,Annex III High-Risk Diagnostic & Clinical Logging,https://www.linkedin.com/in/priitsalumaa/,https://www.linkedin.com/search/results/people/?keywords=Priit+Salumaa+Better+Medicine,"Hi Priit, Better Medicine’s AI for CT scan tumor detection is doing groundbreaking work in Estonia. As you prepare for clinical rollouts across the EU, aligning with the EU AI Act High-Risk obligations alongside MDR is critical. We built a zero-retention compliance platform that produces audit-ready action plans in 2 minutes. Let’s connect!"
41,Kaarel Kotkas,Founder & CEO,Veriff,"Tallinn, Estonia",Identity Verification & Biometric Fraud Detection,Annex III Sec 1 Remote Biometric Identification (High Risk),https://www.linkedin.com/in/kaarelkotkas/,https://www.linkedin.com/search/results/people/?keywords=Kaarel+Kotkas+Veriff,"Hi Kaarel, Veriff’s identity verification is unmatched across global fintech. Under the EU AI Act, biometric identification systems face some of the strictest conformity checks and risk management mandates. We built a zero-retention compliance checker that helps teams pinpoint their exact classification and required action items in 2 minutes. Open to a quick look?"
42,Lukas Kinigadner,Co-Founder & CEO,Anyline,"Vienna, Austria",Mobile Optical Character Recognition & Edge Vision,Edge Computer Vision & Data Governance Obligations,https://www.linkedin.com/in/lukas-kinigadner-3b776822/,https://www.linkedin.com/search/results/people/?keywords=Lukas+Kinigadner+Anyline,"Hi Lukas, Anyline’s edge OCR and computer vision solutions are incredible for mobility and logistics. As European clients audit mobile data capture systems under the EU AI Act, having clear compliance proofs gives you a strong commercial edge. We built a zero-retention compliance tool that maps your obligations in minutes. Let’s connect!"
43,Andreas Bodczek,CEO,IDnow,"Munich, Germany",Identity Proofing & Video Identification AI,Annex III Sec 1 Biometric Verification & Facial Recognition,https://www.linkedin.com/in/andreasbodczek/,https://www.linkedin.com/search/results/people/?keywords=Andreas+Bodczek+IDnow,"Hi Andreas, IDnow’s identity proofing platform is a vital pillar of digital onboarding in the DACH region. Biometric verification algorithms fall under the EU AI Act’s strict High-Risk mandates, requiring continuous logging and human oversight files. We built a zero-retention compliance engine to fast-track these assessments. Would love to share details!"
44,Kian Frossen,Co-Founder & CEO,Fourthline,"Amsterdam, Netherlands",RegTech & Biometric Identity Verification,Annex III Sec 1 Biometric Authentication & KYC Compliance,https://www.linkedin.com/in/kianfrossen/,https://www.linkedin.com/search/results/people/?keywords=Kian+Frossen+Fourthline,"Hi Kian, Fourthline’s AI KYC and fraud detection for European banks is premier grade. Given that biometric ID systems face the highest compliance burden under the EU AI Act, enterprise banks are seeking explicit conformity confirmations. We built a zero-retention compliance scanner to map Act requirements without storing user data. Open to a brief chat?"
45,Samuel Mueller,Co-Founder & CEO,Scandit,"Zurich, Switzerland",Smart Data Capture & Computer Vision at Edge,Industrial Computer Vision & Enterprise Transparency,https://www.linkedin.com/in/samuelmueller/,https://www.linkedin.com/search/results/people/?keywords=Samuel+Mueller+Scandit,"Hi Samuel, Scandit’s edge vision algorithms capture real-world data at massive scale. As enterprise clients navigate EU AI Act compliance, demonstrating that your data capture technology adheres to EU transparency and safety rules is a major differentiator. We built a zero-retention compliance platform that diagnoses requirements in 2 minutes. Let's chat!"
46,Robin Tombs,Co-Founder & CEO,Yoti,"London, UK",Digital Identity & Age Estimation AI,Annex III Sec 1 & Age Estimation Facial Biometrics,https://www.linkedin.com/in/robintombs/,https://www.linkedin.com/search/results/people/?keywords=Robin+Tombs+Yoti,"Hi Robin, Yoti’s privacy-first approach to digital ID and age estimation has been exemplary. Biometric analysis under the EU AI Act faces intensive regulatory scrutiny and strict audit requirements. We built an automated compliance verification tool with a zero-retention guarantee that respects your privacy architecture. Would love to exchange thoughts!"
47,Maya Pindeus,Co-Founder & CEO,Humanising Autonomy,"London, UK",Pedestrian Behavioral AI & Computer Vision,Annex III Biometric Categorization & Behavior Prediction,https://www.linkedin.com/in/mayapindeus/,https://www.linkedin.com/search/results/people/?keywords=Maya+Pindeus+Humanising+Autonomy,"Hi Maya, Humanising Autonomy’s ethical vision for predicting human behavior in transit is fascinating. Under the EU AI Act, systems analyzing human movement in public spaces face strict biometric categorization and safety rules. We built a zero-retention compliance tool that helps teams pinpoint their risk tier in minutes without storing video feeds. Let's connect!"
48,Jürgen Pampus,Co-Founder & VP Sales,Cognitec Systems,"Dresden, Germany",Face Recognition Technology (FaceVACS),Annex III Sec 1 Biometric Identification & Border Control,https://www.linkedin.com/in/juergenpampus/,https://www.linkedin.com/search/results/people/?keywords=Juergen+Pampus+Cognitec+Systems,"Hi Jürgen, Cognitec’s FaceVACS algorithms have been pioneers in facial biometrics. The EU AI Act places remote biometric identification systems at the very center of High-Risk conformity and risk assessment obligations. We built an automated zero-retention compliance diagnostic that clarifies Act requirements in minutes. Open to a quick conversation?"
49,Gaëtan Rougevin-Baville,Chief Executive Officer,Meero,"Paris, France",E-Commerce Photo Editing & Vision AI,Automated Content Enhancement & Art. 50 Labeling,https://www.linkedin.com/in/gaetanrb/,https://www.linkedin.com/search/results/people/?keywords=Gaetan+Rougevin-Baville+Meero,"Hi Gaëtan, Meero’s visual AI editing tools for marketplace photography are super impressive. Under the EU AI Act, platforms automating commercial image manipulation face new transparency and client disclosure obligations. We built a zero-retention compliance tool that verifies your systems in 60 seconds without storing image assets. Would love to share a preview!"
50,Harry Keen,Co-Founder & CEO,Hazy,"London, UK",Synthetic Data Generation & Privacy AI,Training Data Governance & Synthetic AI Models,https://www.linkedin.com/in/harryjkeen/,https://www.linkedin.com/search/results/people/?keywords=Harry+Keen+Hazy,"Hi Harry, Hazy’s enterprise synthetic data platform is solving huge privacy challenges. As enterprises adopt synthetic data to train compliant AI models, proving EU AI Act alignment creates a massive competitive advantage. We built an automated zero-retention compliance tool that maps your obligations in 2 minutes. Open to connecting?"
